dataset,seed,support_node_ratio,method,support_edge_ratio,total_node_ratio,total_edge_ratio,total_storage_ratio_vs_full_graph,feature_storage_ratio,label_storage_ratio,edge_storage_ratio,export_file_bytes,native_full_file_bytes
ACM,1,0.3001136794240242,H6-node30,0.8341546930669937,0.4936026320599525,0.8341546930669937,0.8274864266106432,,,0.8341546930669937,42130824,46816733
IMDB,1,0.30003639010189226,H6-node30,0.9993074952101753,0.4612044817927171,0.9993074952101753,0.8926449630767522,,,0.9993074952101753,101384480,187019381
