dataset,method,budget,num_graph_seeds,num_training_seeds_per_graph,mean_test_micro_f1,std_across_all_runs,std_across_graph_seed_means,std_across_training_seed_means,min_graph_seed_mean,max_graph_seed_mean,edge_jaccard_mean_across_graph_seeds,edge_jaccard_min_across_graph_seeds,export_hash_unique_count,stable_graph_sampling_flag
DBLP,H6-APV-skeleton,,5,5,0.9481691999999999,0.003040232517423661,0.0,0.003040232517423688,0.9481692,0.9481692,,,5,False
DBLP,H6-node30,,5,5,0.9470422000000002,0.0029595227588244733,0.0,0.0029595227588244373,0.9470422,0.9470422,,,5,True
DBLP,H6-relgrid-APPA100-PVVP100-PTTP05,,5,5,0.9478027600000002,0.003037563803840181,0.001013021432349848,0.002266832653373471,0.9463379999999999,0.9490842,,,5,True
DBLP,H6-relgrid-APPA100-PVVP100-PTTP10,,5,5,0.9483099200000003,0.002154508350784455,0.0005473314842031053,0.0016218639873922425,0.9474648,0.9489438,,,5,True
DBLP,H6-relgrid-APPA100-PVVP100-PTTP20,,5,5,0.9479013599999999,0.002357914635944208,0.0006210781129617148,0.0014483915570038047,0.9469717999999998,0.9488030000000001,,,5,True
DBLP,H6-relgrid-APPA100-PVVP100-PTTP30,,5,5,0.9484507600000002,0.0018686286368350367,0.00048378615771845786,0.001458427122073703,0.9476762000000001,0.9489436000000001,,,5,True
DBLP,H6-struct30-proportional-current,,5,5,0.9033098000000002,0.001034664467351646,0.0,0.001034664467351646,0.9033097999999999,0.9033097999999999,,,5,True
DBLP,H6-struct40-random-relwise,,5,5,0.85235208,0.005191100437633636,0.0021326353222246345,0.0031756833156976094,0.8508452,0.8565494000000001,,,5,True
